AccountId__c,FirstName__c,LastName__c,Email__c,Phone__c,MobilePhone__c,MailingStreet__c,MailingCity__c,MailingState__c,MailingPostalCode__c,MailingCountry__c,Age__c,GenderIdentity__c,Income_Bracket_c__c,ICP_Number__c,,
001NS00001uEHMN,James,Smith,james.smith@example.com,555-123-4567,555-987-6543,123 Main St,Christchurch,Canterbury,8011,New Zealand,45,Male,Medium,ICP100000,,
001NS00001uEHMN,Mary,Johnson,mary.johnson@example.com,555-234-5678,555-876-5432,456 Oak Ave,Christchurch,Canterbury,8013,New Zealand,52,Female,High,ICP100001,,
001NS00001uEHLx,Robert,Williams,robert.williams@example.com,555-345-6789,555-765-4321,789 Pine Ln,Christchurch,Canterbury,8022,New Zealand,38,Male,Medium,ICP100002,,
001NS00001uEHLx,Patricia,Brown,patricia.brown@example.com,555-456-7890,555-654-3210,101 Maple Blvd,Christchurch,Canterbury,8052,New Zealand,60,Female,Low,ICP100003,,
001NS00001uEHLI,John,Davis,john.davis@example.com,555-567-8901,555-543-2109,202 Birch Dr,Christchurch,Canterbury,8061,New Zealand,33,Male,High,ICP100004,,
001NS00001uEHLI,Jennifer,Miller,jennifer.miller@example.com,555-678-9012,555-432-1098,303 Cedar Rd,Christchurch,Canterbury,8071,New Zealand,48,Female,Medium,ICP100005,,
001NS00001uEHLF,Michael,Wilson,michael.wilson@example.com,555-789-0123,555-321-0987,404 Elm St,Christchurch,Canterbury,8011,New Zealand,41,Male,High,ICP100006,,
001NS00001uEHLF,Linda,Moore,linda.moore@example.com,555-890-1234,555-210-9876,505 Spruce Pl,Christchurch,Canterbury,8013,New Zealand,29,Female,Low,ICP100007,,
001NS00001uEHLJ,David,Taylor,david.taylor@example.com,555-901-2345,555-109-8765,606 Fir Ct,Christchurch,Canterbury,8022,New Zealand,55,Male,High,ICP100008,,
001NS00001uEHLJ,Elizabeth,Anderson,elizabeth.anderson@example.com,555-012-3456,555-098-7654,707 Willow Way,Christchurch,Canterbury,8052,New Zealand,36,Female,Medium,ICP100009,,
001NS00001uEHM3,William,Thomas,william.thomas@example.com,555-123-4567,555-876-5432,808 Aspen Blvd,Christchurch,Canterbury,8061,New Zealand,49,Male,High,ICP100010,,
001NS00001uEHM3,Barbara,Jackson,barbara.jackson@example.com,555-234-5678,555-765-4321,909 Pine Tree St,Christchurch,Canterbury,8071,New Zealand,62,Female,Medium,ICP100011,,
001NS00001uEHME,Richard,White,richard.white@example.com,555-345-6789,555-654-3210,111 Oakwood Rd,Christchurch,Canterbury,8011,New Zealand,31,Male,Low,ICP100012,,
001NS00001uEHME,Susan,Harris,susan.harris@example.com,555-456-7890,555-543-2109,222 Cedarwood Ave,Christchurch,Canterbury,8013,New Zealand,44,Female,High,ICP100013,,
001NS00001uEHLL,Joseph,Martin,joseph.martin@example.com,555-567-8901,555-432-1098,333 Elmwood Dr,Christchurch,Canterbury,8022,New Zealand,58,Male,Medium,ICP100014,,
001NS00001uEHLL,Jessica,Garcia,jessica.garcia@example.com,555-678-9012,555-321-0987,444 Maplewood Rd,Christchurch,Canterbury,8052,New Zealand,39,Female,High,ICP100015,,
001NS00001uEHLe,Thomas,Martinez,thomas.martinez@example.com,555-789-0123,555-210-9876,555 Willowwood Way,Christchurch,Canterbury,8061,New Zealand,53,Male,Medium,ICP100016,,
001NS00001uEHLe,Charles,Robinson,charles.robinson@example.com,555-890-1234,555-109-8765,666 Aspenwood Blvd,Christchurch,Canterbury,8071,New Zealand,27,Male,Low,ICP100017,,
001NS00001uEHLB,Christopher,Clark,christopher.clark@example.com,555-901-2345,555-098-7654,777 Firwood Ct,Christchurch,Canterbury,8011,New Zealand,46,Male,High,ICP100018,,
001NS00001uEHLB,Nancy,Rodriguez,nancy.rodriguez@example.com,555-012-3456,555-876-5432,888 Pine Tree Ln,Christchurch,Canterbury,8013,New Zealand,34,Female,Medium,ICP100019,,
001NS00001uEHMK,Daniel,Lewis,daniel.lewis@example.com,555-123-4567,555-765-4321,999 Oakwood Dr,Christchurch,Canterbury,8022,New Zealand,50,Male,High,ICP100020,,
001NS00001uEHMK,Paul,Lee,paul.lee@example.com,555-234-5678,555-654-3210,111 Cedar Ave,Christchurch,Canterbury,8052,New Zealand,61,Male,Medium,ICP100021,,
001NS00001uEHMh,Karen,Walker,karen.walker@example.com,555-345-6789,555-543-2109,222 Elmwood Ln,Christchurch,Canterbury,8061,New Zealand,25,Female,Low,ICP100022,,
001NS00001uEHMh,Mark,Hall,mark.hall@example.com,555-456-7890,555-432-1098,333 Maplewood Ct,Christchurch,Canterbury,8071,New Zealand,42,Male,High,ICP100023,,
001NS00001uEHMG,Donna,Allen,donna.allen@example.com,555-567-8901,555-321-0987,444 Willowwood Blvd,Christchurch,Canterbury,8011,New Zealand,56,Female,Medium,ICP100024,,
001NS00001uEHMG,George,Young,george.young@example.com,555-678-9012,555-210-9876,555 Aspenwood Rd,Christchurch,Canterbury,8013,New Zealand,47,Male,High,ICP100025,,
001NS00001uEHLR,Kenneth,Hernandez,kenneth.hernandez@example.com,555-789-0123,555-109-8765,666 Firwood Way,Christchurch,Canterbury,8022,New Zealand,30,Male,Low,ICP100026,,
001NS00001uEHLR,Carol,King,carol.king@example.com,555-890-1234,555-098-7654,777 Pine Tree Dr,Christchurch,Canterbury,8052,New Zealand,43,Female,High,ICP100027,,
001NS00001uEHMQ,Donald,Wright,donald.wright@example.com,555-901-2345,555-876-5432,888 Oakwood Ave,Christchurch,Canterbury,8061,New Zealand,59,Male,Medium,ICP100028,,
001NS00001uEHMQ,Sandra,Lopez,sandra.lopez@example.com,555-012-3456,555-765-4321,999 Cedarwood Ln,Christchurch,Canterbury,8071,New Zealand,35,Female,High,ICP100029,,
001NS00001uEHLU,Timothy,Hill,timothy.hill@example.com,555-123-4567,555-654-3210,111 Elmwood Dr,Christchurch,Canterbury,8011,New Zealand,51,Male,Medium,ICP100030,,
001NS00001uEHLU,Maria,Scott,maria.scott@example.com,555-234-5678,555-543-2109,222 Maplewood Rd,Christchurch,Canterbury,8013,New Zealand,28,Female,Low,ICP100031,,
001NS00001uEHMc,Steven,Green,steven.green@example.com,555-345-6789,555-432-1098,333 Willowwood Way,Christchurch,Canterbury,8022,New Zealand,40,Male,High,ICP100032,,
001NS00001uEHMc,Edward,Adams,edward.adams@example.com,555-456-7890,555-321-0987,444 Aspenwood Blvd,Christchurch,Canterbury,8052,New Zealand,54,Male,Medium,ICP100033,,
001NS00001uEHLj,Amanda,Baker,amanda.baker@example.com,555-567-8901,555-210-9876,555 Firwood Ct,Christchurch,Canterbury,8061,New Zealand,37,Female,High,ICP100034,,
001NS00001uEHLj,Jason,Gonzalez,jason.gonzalez@example.com,555-678-9012,555-109-8765,666 Pine Tree Ln,Christchurch,Canterbury,8071,New Zealand,63,Male,Low,ICP100035,,
001NS00001uEHM5,Lisa,Nelson,lisa.nelson@example.com,555-789-0123,555-098-7654,777 Oakwood Dr,Christchurch,Canterbury,8011,New Zealand,41,Female,High,ICP100036,,
001NS00001uEHM5,Kevin,Carter,kevin.carter@example.com,555-890-1234,555-876-5432,888 Cedarwood Ave,Christchurch,Canterbury,8013,New Zealand,57,Male,Medium,ICP100037,,
001NS00001uEHM9,Betty,Mitchell,betty.mitchell@example.com,555-901-2345,555-765-4321,999 Elmwood Dr,Christchurch,Canterbury,8022,New Zealand,44,Female,High,ICP100038,,
001NS00001uEHM9,Deborah,Perez,deborah.perez@example.com,555-012-3456,555-654-3210,111 Maplewood Rd,Christchurch,Canterbury,8052,New Zealand,32,Female,Low,ICP100039,,
001NS00001uEHLq,Gary,Roberts,gary.roberts@example.com,555-123-4567,555-543-2109,222 Willowwood Way,Christchurch,Canterbury,8061,New Zealand,48,Male,High,ICP100040,,
001NS00001uEHLq,Dorothy,Turner,dorothy.turner@example.com,555-234-5678,555-432-1098,333 Aspenwood Blvd,Christchurch,Canterbury,8071,New Zealand,60,Female,Medium,ICP100041,,
001NS00001uEHMW,Frank,Phillips,frank.phillips@example.com,555-345-6789,555-321-0987,444 Firwood Ct,Christchurch,Canterbury,8011,New Zealand,35,Male,High,ICP100042,,
001NS00001uEHMW,Jeff,Campbell,jeff.campbell@example.com,555-456-7890,555-210-9876,555 Pine Tree Ln,Christchurch,Canterbury,8013,New Zealand,26,Male,Low,ICP100043,,
001NS00001uEHLW,Amy,Parker,amy.parker@example.com,555-567-8901,555-109-8765,666 Oakwood Dr,Christchurch,Canterbury,8022,New Zealand,49,Female,High,ICP100044,,
001NS00001uEHLW,Scott,Evans,scott.evans@example.com,555-678-9012,555-098-7654,777 Cedarwood Ave,Christchurch,Canterbury,8052,New Zealand,53,Male,Medium,ICP100045,,
001NS00001uEHMd,Kimberly,Edwards,kimberly.edwards@example.com,555-789-0123,555-876-5432,888 Elmwood Dr,Christchurch,Canterbury,8061,New Zealand,40,Female,High,ICP100046,,
001NS00001uEHMd,Andrew,Collins,andrew.collins@example.com,555-890-1234,555-765-4321,999 Maplewood Rd,Christchurch,Canterbury,8071,New Zealand,56,Male,Low,ICP100047,,
001NS00001uEHM8,Emily,Stewart,emily.stewart@example.com,555-901-2345,555-654-3210,111 Willowwood Way,Christchurch,Canterbury,8011,New Zealand,37,Female,High,ICP100048,,
001NS00001uEHM8,Ryan,Sanchez,ryan.sanchez@example.com,555-012-3456,555-543-2109,222 Aspenwood Blvd,Christchurch,Canterbury,8013,New Zealand,61,Male,Medium,ICP100049,,
001NS00001uEHLH,Angela,Morris,angela.morris@example.com,555-123-4567,555-432-1098,333 Firwood Ct,Christchurch,Canterbury,8022,New Zealand,28,Female,High,ICP100050,,
001NS00001uEHLH,Gregory,Rogers,gregory.rogers@example.com,555-234-5678,555-321-0987,444 Pine Tree Ln,Christchurch,Canterbury,8052,New Zealand,45,Male,Low,ICP100051,,
001NS00001uEHML,Samuel,Reed,samuel.reed@example.com,555-345-6789,555-210-9876,555 Oakwood Dr,Christchurch,Canterbury,8061,New Zealand,59,Male,High,ICP100052,,
001NS00001uEHML,Helen,Cook,helen.cook@example.com,555-456-7890,555-109-8765,666 Cedarwood Ave,Christchurch,Canterbury,8071,New Zealand,33,Female,Medium,ICP100053,,
001NS00001uEHMa,Jerry,Morgan,jerry.morgan@example.com,555-567-8901,555-098-7654,777 Elmwood Dr,Christchurch,Canterbury,8011,New Zealand,42,Male,High,ICP100054,,
001NS00001uEHMa,Pamela,Bell,pamela.bell@example.com,555-678-9012,555-876-5432,888 Maplewood Rd,Christchurch,Canterbury,8013,New Zealand,55,Female,Low,ICP100055,,
001NS00001uEHLt,Arthur,Murphy,arthur.murphy@example.com,555-789-0123,555-765-4321,999 Willowwood Way,Christchurch,Canterbury,8022,New Zealand,30,Male,High,ICP100056,,
001NS00001uEHLt,Catherine,Bailey,catherine.bailey@example.com,555-890-1234,555-654-3210,111 Aspenwood Blvd,Christchurch,Canterbury,8052,New Zealand,47,Female,Medium,ICP100057,,
001NS00001uEHM4,Dennis,Cooper,dennis.cooper@example.com,555-901-2345,555-543-2109,222 Firwood Ct,Christchurch,Canterbury,8061,New Zealand,40,Male,High,ICP100058,,
001NS00001uEHM4,Frances,Richardson,frances.richardson@example.com,555-012-3456,555-432-1098,333 Pine Tree Ln,Christchurch,Canterbury,8071,New Zealand,53,Female,Low,ICP100059,,
001NS00001uEHLG,Henry,Cox,henry.cox@example.com,555-123-4567,555-321-0987,444 Oakwood Dr,Christchurch,Canterbury,8011,New Zealand,29,Male,High,ICP100060,,
001NS00001uEHLG,Diane,Howard,diane.howard@example.com,555-234-5678,555-210-9876,555 Cedarwood Ave,Christchurch,Canterbury,8013,New Zealand,46,Female,Medium,ICP100061,,
001NS00001uEHLr,Peter,Ward,peter.ward@example.com,555-345-6789,555-109-8765,666 Elmwood Dr,Christchurch,Canterbury,8022,New Zealand,34,Male,High,ICP100062,,
001NS00001uEHLr,Julia,Torres,julia.torres@example.com,555-456-7890,555-098-7654,777 Maplewood Rd,Christchurch,Canterbury,8052,New Zealand,50,Female,Low,ICP100063,,
001NS00001uEHLz,Patrick,Peterson,patrick.peterson@example.com,555-567-8901,555-876-5432,888 Willowwood Way,Christchurch,Canterbury,8061,New Zealand,38,Male,High,ICP100064,,
001NS00001uEHLz,Terry,Gray,terry.gray@example.com,555-678-9012,555-765-4321,999 Aspenwood Blvd,Christchurch,Canterbury,8071,New Zealand,54,Male,Medium,ICP100065,,
001NS00001uEHLV,Janet,Ramirez,janet.ramirez@example.com,555-789-0123,555-654-3210,111 Firwood Ct,Christchurch,Canterbury,8011,New Zealand,31,Female,High,ICP100066,,
001NS00001uEHLV,Joe,James,joe.james@example.com,555-890-1234,555-543-2109,222 Pine Tree Ln,Christchurch,Canterbury,8013,New Zealand,48,Male,Low,ICP100067,,
001NS00001uEHM1,Ruth,Watson,ruth.watson@example.com,555-901-2345,555-432-1098,333 Oakwood Dr,Christchurch,Canterbury,8022,New Zealand,42,Female,High,ICP100068,,
001NS00001uEHM1,Carl,Brooks,carl.brooks@example.com,555-012-3456,555-321-0987,444 Cedarwood Ave,Christchurch,Canterbury,8052,New Zealand,56,Male,Medium,ICP100069,,
001NS00001uEHMP,Frances,Kelly,frances.kelly@example.com,555-123-4567,555-210-9876,555 Elmwood Dr,Christchurch,Canterbury,8061,New Zealand,35,Female,High,ICP100070,,
001NS00001uEHMP,Chris,Sanders,chris.sanders@example.com,555-234-5678,555-109-8765,666 Maplewood Rd,Christchurch,Canterbury,8071,New Zealand,29,Male,Low,ICP100071,,
001NS00001uEHLw,Larry,Price,larry.price@example.com,555-345-6789,555-098-7654,777 Willowwood Way,Christchurch,Canterbury,8011,New Zealand,45,Male,High,ICP100072,,
001NS00001uEHLw,Marie,Bennett,marie.bennett@example.com,555-456-7890,555-876-5432,888 Aspenwood Blvd,Christchurch,Canterbury,8013,New Zealand,60,Female,Medium,ICP100073,,
001NS00001uEHMg,Walter,Wood,walter.wood@example.com,555-567-8901,555-765-4321,999 Firwood Ct,Christchurch,Canterbury,8022,New Zealand,33,Male,High,ICP100074,,
001NS00001uEHMg,Anna,Barnes,anna.barnes@example.com,555-678-9012,555-654-3210,111 Pine Tree Ln,Christchurch,Canterbury,8052,New Zealand,48,Female,Low,ICP100075,,
001NS00001uEHLl,Judy,Ross,judy.ross@example.com,555-789-0123,555-543-2109,222 Oakwood Dr,Christchurch,Canterbury,8061,New Zealand,52,Female,High,ICP100076,,
001NS00001uEHLl,Frank,Henderson,frank.henderson@example.com,555-890-1234,555-432-1098,333 Cedarwood Ave,Christchurch,Canterbury,8071,New Zealand,39,Male,Medium,ICP100077,,
001NS00001uEHLu,Raymond,Coleman,raymond.coleman@example.com,555-901-2345,555-321-0987,444 Elmwood Dr,Christchurch,Canterbury,8011,New Zealand,55,Male,High,ICP100078,,
001NS00001uEHLu,Judy,Jenkins,judy.jenkins@example.com,555-012-3456,555-210-9876,555 Maplewood Rd,Christchurch,Canterbury,8013,New Zealand,27,Female,Low,ICP100079,,
001NS00001uEHLy,Harold,Perry,harold.perry@example.com,555-123-4567,555-109-8765,666 Willowwood Way,Christchurch,Canterbury,8022,New Zealand,46,Male,High,ICP100080,,
001NS00001uEHLy,Joyce,Patterson,joyce.patterson@example.com,555-234-5678,555-098-7654,777 Aspenwood Blvd,Christchurch,Canterbury,8052,New Zealand,34,Female,Medium,ICP100081,,
001NS00001uEHLg,Dennis,Hughes,dennis.hughes@example.com,555-345-6789,555-876-5432,888 Firwood Ct,Christchurch,Canterbury,8061,New Zealand,50,Male,High,ICP100082,,
001NS00001uEHLg,Jerry,Butler,jerry.butler@example.com,555-456-7890,555-765-4321,999 Pine Tree Ln,Christchurch,Canterbury,8071,New Zealand,61,Male,Low,ICP100083,,
001NS00001uEHMM,Brenda,Simmons,brenda.simmons@example.com,555-567-8901,555-654-3210,111 Oakwood Dr,Christchurch,Canterbury,8011,New Zealand,36,Female,High,ICP100084,,
001NS00001uEHMM,Terry,Foster,terry.foster@example.com,555-678-9012,555-543-2109,222 Cedarwood Ave,Christchurch,Canterbury,8013,New Zealand,53,Male,Medium,ICP100085,,
001NS00001uEHLk,Billy,Gonzales,25,Male,High,billy.gonzales@example.com,555-432-1098,333 Elmwood Dr,Christchurch,Canterbury,8022,New Zealand,25,Male,High,ICP100086
001NS00001uEHLk,Ralph,Long,42,Male,Low,ralph.long@example.com,555-321-0987,444 Maplewood Rd,Christchurch,Canterbury,8052,New Zealand,42,Male,Low,ICP100087
001NS00001uEHLf,Cheryl,Washington,56,Female,High,cheryl.washington@example.com,555-210-9876,555 Willowwood Way,Christchurch,Canterbury,8061,New Zealand,56,Female,High,ICP100088
001NS00001uEHLf,Phillip,Fisher,38,Male,Medium,phillip.fisher@example.com,555-109-8765,666 Aspenwood Blvd,Christchurch,Canterbury,8071,New Zealand,38,Male,Medium,ICP100089
001NS00001uEHLo,Lois,Peterson,49,Female,High,lois.peterson@example.com,555-098-7654,777 Firwood Ct,Christchurch,Canterbury,8011,New Zealand,49,Female,High,ICP100090
001NS00001uEHLo,Jesse,Powell,62,Male,Low,jesse.powell@example.com,555-876-5432,888 Pine Tree Ln,Christchurch,Canterbury,8013,New Zealand,62,Male,Low,ICP100091
001NS00001uEHMT,Juan,Howard,31,Male,High,juan.howard@example.com,555-765-4321,999 Oakwood Dr,Christchurch,Canterbury,8022,New Zealand,31,Male,High,ICP100092
001NS00001uEHMT,Kathryn,Simmons,44,Female,Medium,kathryn.simmons@example.com,555-654-3210,111 Cedarwood Ave,Christchurch,Canterbury,8052,New Zealand,44,Female,Medium,ICP100093
001NS00001uEHLa,Ernest,Lee,58,Male,High,ernest.lee@example.com,555-543-2109,222 Elmwood Dr,Christchurch,Canterbury,8061,New Zealand,58,Male,High,ICP100094
001NS00001uEHLa,Willie,Mitchell,35,Male,Low,willie.mitchell@example.com,555-432-1098,333 Maplewood Rd,Christchurch,Canterbury,8071,New Zealand,35,Male,Low,ICP100095
001NS00001uEHMm,Theresa,Bell,48,Female,High,theresa.bell@example.com,555-321-0987,444 Willowwood Way,Christchurch,Canterbury,8011,New Zealand,48,Female,High,ICP100096
001NS00001uEHMm,Adam,Cook,60,Male,Medium,adam.cook@example.com,555-210-9876,555 Aspenwood Blvd,Christchurch,Canterbury,8013,New Zealand,60,Male,Medium,ICP100097
001NS00001uEHLc,Christina,Morris,37,Female,High,christina.morris@example.com,555-109-8765,666 Firwood Ct,Christchurch,Canterbury,8022,New Zealand,37,Female,High,ICP100098
001NS00001uEHMY,Juan,Morgan,54,Male,Low,juan.morgan@example.com,555-098-7654,777 Pine Tree Ln,Christchurch,Canterbury,8052,New Zealand,54,Male,Low,ICP100099
