ICP_Number__c,Pricing_Plan_Id__c,Plan Name,Id
ICP100000,a0ANS000004TxAX2A0,EV Night Shift,001NS00001uEHLBYA4
ICP100001,a0ANS000004TxAX2A0,EV Night Shift,001NS00001uEHLCYA4
ICP100002,a0ANS000004TxAX2A0,EV Night Shift,001NS00001uEHLDYA4
ICP100003,a0ANS000004TxAX2A0,EV Night Shift,001NS00001uEHLEYA4
ICP100004,a0ANS000004TxAU2A0,Commercial,001NS00001uEHLFYA4
ICP100005,a0ANS000004TxAU2A0,Commercial,001NS00001uEHLGYA4
ICP100006,a0ANS000004TxAV2A0,Low User,001NS00001uEHLHYA4
ICP100007,a0ANS000004TxAV2A0,Low User,001NS00001uEHLIYA4
ICP100008,a0ANS000004TxAV2A0,Low User,001NS00001uEHLJYA4
ICP100009,a0ANS000004TxAV2A0,Low User,001NS00001uEHLKYA4
ICP100010,a0ANS000004TxAV2A0,Low User,001NS00001uEHLLYA4
ICP100011,a0ANS000004TxAV2A0,Low User,001NS00001uEHLMYA4
ICP100012,a0ANS000004TxAU2A0,Commercial,001NS00001uEHLNYA4
ICP100013,a0ANS000004TxAU2A0,Commercial,001NS00001uEHLOYA4
ICP100014,a0ANS000004TxAV2A0,Low User,001NS00001uEHLPYA4
ICP100015,a0ANS000004TxAV2A0,Low User,001NS00001uEHLQYA4
ICP100016,a0ANS000004TxAX2A0,EV Night Shift,001NS00001uEHLRYA4
ICP100017,a0ANS000004TxAX2A0,EV Night Shift,001NS00001uEHLSYA4
ICP100018,a0ANS000004TxAX2A0,EV Night Shift,001NS00001uEHLTYA4
ICP100019,a0ANS000004TxAX2A0,EV Night Shift,001NS00001uEHLUYA4
ICP100020,a0ANS000004TxAX2A0,EV Night Shift,001NS00001uEHLVYA4
ICP100021,a0ANS000004TxAX2A0,EV Night Shift,001NS00001uEHLWYA4
ICP100022,a0ANS000004TxAV2A0,Low User,001NS00001uEHLXYA4
ICP100023,a0ANS000004TxAV2A0,Low User,001NS00001uEHLYYA4
ICP100024,a0ANS000004TxAV2A0,Low User,001NS00001uEHLZYA4
ICP100025,a0ANS000004TxAW2A0,Home Office Pro,001NS00001uEHLaYAO
ICP100026,a0ANS000004TxAW2A0,Home Office Pro,001NS00001uEHLbYAO
ICP100027,a0ANS000004TxAW2A0,Home Office Pro,001NS00001uEHLcYAO
ICP100028,a0ANS000004TxAW2A0,Home Office Pro,001NS00001uEHLdYAO
ICP100029,a0ANS000004TxAW2A0,Home Office Pro,001NS00001uEHLeYAO
ICP100030,a0ANS000004TxAW2A0,Home Office Pro,001NS00001uEHLfYAO
ICP100031,a0ANS000004TxAW2A0,Home Office Pro,001NS00001uEHLgYAO
ICP100032,a0ANS000004TxAU2A0,Commercial,001NS00001uEHLhYAO
ICP100033,a0ANS000004TxAU2A0,Commercial,001NS00001uEHLiYAO
ICP100034,a0ANS000004TxAW2A0,Home Office Pro,001NS00001uEHLjYAO
ICP100035,a0ANS000004TxAW2A0,Home Office Pro,001NS00001uEHLkYAO
ICP100036,a0ANS000004TxAW2A0,Home Office Pro,001NS00001uEHLlYAO
ICP100037,a0ANS000004TxAU2A0,Commercial,001NS00001uEHLmYAO
ICP100038,a0ANS000004TxAW2A0,Home Office Pro,001NS00001uEHLnYAO
ICP100039,a0ANS000004TxAW2A0,Home Office Pro,001NS00001uEHLoYAO
ICP100040,a0ANS000004TxAW2A0,Home Office Pro,001NS00001uEHLpYAO
ICP100041,a0ANS000004TxAW2A0,Home Office Pro,001NS00001uEHLqYAO
ICP100042,a0ANS000004TxAW2A0,Home Office Pro,001NS00001uEHLrYAO
ICP100043,a0ANS000004TxAW2A0,Home Office Pro,001NS00001uEHLsYAO
ICP100044,a0ANS000004TxAW2A0,Home Office Pro,001NS00001uEHLtYAO
ICP100045,a0ANS000004TxAU2A0,Commercial,001NS00001uEHLuYAO
ICP100046,a0ANS000004TxAU2A0,Commercial,001NS00001uEHLvYAO
ICP100047,a0ANS000004TxAU2A0,Commercial,001NS00001uEHLwYAO
ICP100048,a0ANS000004TxAW2A0,Home Office Pro,001NS00001uEHLxYAO
ICP100049,a0ANS000004TxAW2A0,Home Office Pro,001NS00001uEHLyYAO
ICP100050,a0ANS000004TxAX2A0,EV Night Shift,001NS00001uEHLzYAO
ICP100051,a0ANS000004TxAX2A0,EV Night Shift,001NS00001uEHM0YAO
ICP100052,a0ANS000004TxAX2A0,EV Night Shift,001NS00001uEHM1YAO
ICP100053,a0ANS000004TxAU2A0,Commercial,001NS00001uEHM2YAO
ICP100054,a0ANS000004TxAX2A0,EV Night Shift,001NS00001uEHM3YAO
ICP100055,a0ANS000004TxAX2A0,EV Night Shift,001NS00001uEHM4YAO
ICP100056,a0ANS000004TxAU2A0,Commercial,001NS00001uEHM5YAO
ICP100057,a0ANS000004TxAU2A0,Commercial,001NS00001uEHM6YAO
ICP100058,a0ANS000004TxAX2A0,EV Night Shift,001NS00001uEHM7YAO
ICP100059,a0ANS000004TxAU2A0,Commercial,001NS00001uEHM8YAO
ICP100060,a0ANS000004TxAW2A0,Home Office Pro,001NS00001uEHM9YAO
ICP100061,a0ANS000004TxAX2A0,EV Night Shift,001NS00001uEHMAYA4
ICP100062,a0ANS000004TxAX2A0,EV Night Shift,001NS00001uEHMBYA4
ICP100063,a0ANS000004TxAU2A0,Commercial,001NS00001uEHMCYA4
ICP100064,a0ANS000004TxAX2A0,EV Night Shift,001NS00001uEHMDYA4
ICP100065,a0ANS000004TxAX2A0,EV Night Shift,001NS00001uEHMEYA4
ICP100066,a0ANS000004TxAX2A0,EV Night Shift,001NS00001uEHMFYA4
ICP100067,a0ANS000004TxAX2A0,EV Night Shift,001NS00001uEHMGYA4
ICP100068,a0ANS000004TxAX2A0,EV Night Shift,001NS00001uEHMHYA4
ICP100069,a0ANS000004TxAX2A0,EV Night Shift,001NS00001uEHMIYA4
ICP100070,a0ANS000004TxAX2A0,EV Night Shift,001NS00001uEHMJYA4
ICP100071,a0ANS000004TxAX2A0,EV Night Shift,001NS00001uEHMKYA4
ICP100072,a0ANS000004TxAU2A0,Commercial,001NS00001uEHMLYA4
ICP100073,a0ANS000004TxAX2A0,EV Night Shift,001NS00001uEHMMYA4
ICP100074,a0ANS000004TxAU2A0,Commercial,001NS00001uEHMNYA4
ICP100075,a0ANS000004TxAX2A0,EV Night Shift,001NS00001uEHMOYA4
ICP100076,a0ANS000004TxAX2A0,EV Night Shift,001NS00001uEHMPYA4
ICP100077,a0ANS000004TxAY2A0,Standard User,001NS00001uEHMQYA4
ICP100078,a0ANS000004TxAY2A0,Standard User,001NS00001uEHMRYA4
ICP100079,a0ANS000004TxAY2A0,Standard User,001NS00001uEHMSYA4
ICP100080,a0ANS000004TxAU2A0,Commercial,001NS00001uEHMTYA4
ICP100081,a0ANS000004TxAY2A0,Standard User,001NS00001uEHMUYA4
ICP100082,a0ANS000004TxAY2A0,Standard User,001NS00001uEHMVYA4
ICP100083,a0ANS000004TxAY2A0,Standard User,001NS00001uEHMWYA4
ICP100084,a0ANS000004TxAY2A0,Standard User,001NS00001uEHMXYA4
ICP100085,a0ANS000004TxAY2A0,Standard User,001NS00001uEHMYYA4
ICP100086,a0ANS000004TxAU2A0,Commercial,001NS00001uEHMZYA4
ICP100087,a0ANS000004TxAY2A0,Standard User,001NS00001uEHMaYAO
ICP100088,a0ANS000004TxAY2A0,Standard User,001NS00001uEHMbYAO
ICP100089,a0ANS000004TxAU2A0,Commercial,001NS00001uEHMcYAO
ICP100090,a0ANS000004TxAY2A0,Standard User,001NS00001uEHMdYAO
ICP100091,a0ANS000004TxAY2A0,Standard User,001NS00001uEHMeYAO
ICP100092,a0ANS000004TxAY2A0,Standard User,001NS00001uEHMfYAO
ICP100093,a0ANS000004TxAY2A0,Standard User,001NS00001uEHMgYAO
ICP100094,a0ANS000004TxAY2A0,Standard User,001NS00001uEHMhYAO
ICP100095,a0ANS000004TxAY2A0,Standard User,001NS00001uEHMiYAO
ICP100096,a0ANS000004TxAY2A0,Standard User,001NS00001uEHMjYAO
ICP100097,a0ANS000004TxAY2A0,Standard User,001NS00001uEHMkYAO
ICP100098,a0ANS000004TxAY2A0,EV Night Shift,001NS00001uEHMlYAO
ICP100099,a0ANS000004TxAT2A0,Prepay,001NS00001uEHMmYAO
ICP100100,a0ANS000004TxAT2A0,Prepay,001NS00001c9KifYAE
ICP100101,a0ANS000004TxAT2A0,Prepay,001NS00001c9KigYAE
ICP100102,a0ANS000004TxAT2A0,Prepay,001NS00001c9KihYAE
